<?xml version='1.0' encoding='UTF-8'?>
	<TrackingData>
	<Sensors>
		<Sensor type='FeatureBasedSensorSource' Subtype='FAST'>
			<SensorID>FeatureBasedSensorSource_0</SensorID>
			<Parameters>
				<FeatureDescriptorAlignment>regular</FeatureDescriptorAlignment>
				<MaxObjectsToDetectPerFrame>5</MaxObjectsToDetectPerFrame>
				<MaxObjectsToTrackInParallel>1</MaxObjectsToTrackInParallel>
				<SimilarityThreshold>0.7</SimilarityThreshold>
			</Parameters>
			<SensorCOS>
				<SensorCosID>122</SensorCosID>
				<Parameters>
					<ReferenceImage widthMM='400' heightMM='400'>122_1.png</ReferenceImage>
				</Parameters>
			</SensorCOS>
			<SensorCOS>
				<SensorCosID>123</SensorCosID>
				<Parameters>
					<ReferenceImage widthMM='400' heightMM='400'>123_1.png</ReferenceImage>
				</Parameters>
			</SensorCOS>
			<SensorCOS>
				<SensorCosID>124</SensorCosID>
				<Parameters>
					<ReferenceImage widthMM='400' heightMM='400'>124_1.png</ReferenceImage>
				</Parameters>
			</SensorCOS>
			<SensorCOS>
				<SensorCosID>125</SensorCosID>
				<Parameters>
					<ReferenceImage widthMM='400' heightMM='400'>125_1.png</ReferenceImage>
				</Parameters>
			</SensorCOS>
			<SensorCOS>
				<SensorCosID>126</SensorCosID>
				<Parameters>
					<ReferenceImage widthMM='400' heightMM='400'>126_1.png</ReferenceImage>
				</Parameters>
			</SensorCOS>
		</Sensor>
	</Sensors>
	<Connections>
		<COS>
			<Name>COS_1</Name>
			<Fuser type='SmoothingFuser'>
				<Parameters>
					<KeepPoseForNumberOfFrames>2</KeepPoseForNumberOfFrames>
					<GravityAssistance></GravityAssistance>
					<AlphaTranslation>0.8</AlphaTranslation>
					<GammaTranslation>0.8</GammaTranslation>
					<AlphaRotation>0.5</AlphaRotation>
					<GammaRotation>0.5</GammaRotation>
					<ContinueLostTrackingWithOrientationSensor>false</ContinueLostTrackingWithOrientationSensor>
				</Parameters>
			</Fuser>
			<SensorSource>
				<SensorID>FeatureBasedSensorSource_0</SensorID>
				<SensorCosID>122</SensorCosID>
				<HandEyeCalibration>
					<TranslationOffset>
						<x>0</x>
						<y>0</y>
						<z>0</z>
					</TranslationOffset>
					<RotationOffset>
						<x>0</x>
						<y>0</y>
						<z>0</z>
						<w>1</w>
					</RotationOffset>
				</HandEyeCalibration>
				<COSOffset>
					<TranslationOffset>
						<x>0</x>
						<y>0</y>
						<z>0</z>
					</TranslationOffset>
					<RotationOffset>
						<x>0</x>
						<y>0</y>
						<z>0</z>
						<w>1</w>
					</RotationOffset>
				</COSOffset>
			</SensorSource>
		</COS>
		<COS>
			<Name>COS_2</Name>
			<Fuser type='SmoothingFuser'>
				<Parameters>
					<KeepPoseForNumberOfFrames>2</KeepPoseForNumberOfFrames>
					<GravityAssistance></GravityAssistance>
					<AlphaTranslation>0.8</AlphaTranslation>
					<GammaTranslation>0.8</GammaTranslation>
					<AlphaRotation>0.5</AlphaRotation>
					<GammaRotation>0.5</GammaRotation>
					<ContinueLostTrackingWithOrientationSensor>false</ContinueLostTrackingWithOrientationSensor>
				</Parameters>
			</Fuser>
			<SensorSource>
				<SensorID>FeatureBasedSensorSource_0</SensorID>
				<SensorCosID>123</SensorCosID>
				<HandEyeCalibration>
					<TranslationOffset>
						<x>0</x>
						<y>0</y>
						<z>0</z>
					</TranslationOffset>
					<RotationOffset>
						<x>0</x>
						<y>0</y>
						<z>0</z>
						<w>1</w>
					</RotationOffset>
				</HandEyeCalibration>
				<COSOffset>
					<TranslationOffset>
						<x>0</x>
						<y>0</y>
						<z>0</z>
					</TranslationOffset>
					<RotationOffset>
						<x>0</x>
						<y>0</y>
						<z>0</z>
						<w>1</w>
					</RotationOffset>
				</COSOffset>
			</SensorSource>
		</COS>
		<COS>
			<Name>COS_3</Name>
			<Fuser type='SmoothingFuser'>
				<Parameters>
					<KeepPoseForNumberOfFrames>2</KeepPoseForNumberOfFrames>
					<GravityAssistance></GravityAssistance>
					<AlphaTranslation>0.8</AlphaTranslation>
					<GammaTranslation>0.8</GammaTranslation>
					<AlphaRotation>0.5</AlphaRotation>
					<GammaRotation>0.5</GammaRotation>
					<ContinueLostTrackingWithOrientationSensor>false</ContinueLostTrackingWithOrientationSensor>
				</Parameters>
			</Fuser>
			<SensorSource>
				<SensorID>FeatureBasedSensorSource_0</SensorID>
				<SensorCosID>124</SensorCosID>
				<HandEyeCalibration>
					<TranslationOffset>
						<x>0</x>
						<y>0</y>
						<z>0</z>
					</TranslationOffset>
					<RotationOffset>
						<x>0</x>
						<y>0</y>
						<z>0</z>
						<w>1</w>
					</RotationOffset>
				</HandEyeCalibration>
				<COSOffset>
					<TranslationOffset>
						<x>0</x>
						<y>0</y>
						<z>0</z>
					</TranslationOffset>
					<RotationOffset>
						<x>0</x>
						<y>0</y>
						<z>0</z>
						<w>1</w>
					</RotationOffset>
				</COSOffset>
			</SensorSource>
		</COS>
		<COS>
			<Name>COS_4</Name>
			<Fuser type='SmoothingFuser'>
				<Parameters>
					<KeepPoseForNumberOfFrames>2</KeepPoseForNumberOfFrames>
					<GravityAssistance></GravityAssistance>
					<AlphaTranslation>0.8</AlphaTranslation>
					<GammaTranslation>0.8</GammaTranslation>
					<AlphaRotation>0.5</AlphaRotation>
					<GammaRotation>0.5</GammaRotation>
					<ContinueLostTrackingWithOrientationSensor>false</ContinueLostTrackingWithOrientationSensor>
				</Parameters>
			</Fuser>
			<SensorSource>
				<SensorID>FeatureBasedSensorSource_0</SensorID>
				<SensorCosID>125</SensorCosID>
				<HandEyeCalibration>
					<TranslationOffset>
						<x>0</x>
						<y>0</y>
						<z>0</z>
					</TranslationOffset>
					<RotationOffset>
						<x>0</x>
						<y>0</y>
						<z>0</z>
						<w>1</w>
					</RotationOffset>
				</HandEyeCalibration>
				<COSOffset>
					<TranslationOffset>
						<x>0</x>
						<y>0</y>
						<z>0</z>
					</TranslationOffset>
					<RotationOffset>
						<x>0</x>
						<y>0</y>
						<z>0</z>
						<w>1</w>
					</RotationOffset>
				</COSOffset>
			</SensorSource>
		</COS>
		<COS>
			<Name>COS_5</Name>
			<Fuser type='SmoothingFuser'>
				<Parameters>
					<KeepPoseForNumberOfFrames>2</KeepPoseForNumberOfFrames>
					<GravityAssistance></GravityAssistance>
					<AlphaTranslation>0.8</AlphaTranslation>
					<GammaTranslation>0.8</GammaTranslation>
					<AlphaRotation>0.5</AlphaRotation>
					<GammaRotation>0.5</GammaRotation>
					<ContinueLostTrackingWithOrientationSensor>false</ContinueLostTrackingWithOrientationSensor>
				</Parameters>
			</Fuser>
			<SensorSource>
				<SensorID>FeatureBasedSensorSource_0</SensorID>
				<SensorCosID>126</SensorCosID>
				<HandEyeCalibration>
					<TranslationOffset>
						<x>0</x>
						<y>0</y>
						<z>0</z>
					</TranslationOffset>
					<RotationOffset>
						<x>0</x>
						<y>0</y>
						<z>0</z>
						<w>1</w>
					</RotationOffset>
				</HandEyeCalibration>
				<COSOffset>
					<TranslationOffset>
						<x>0</x>
						<y>0</y>
						<z>0</z>
					</TranslationOffset>
					<RotationOffset>
						<x>0</x>
						<y>0</y>
						<z>0</z>
						<w>1</w>
					</RotationOffset>
				</COSOffset>
			</SensorSource>
		</COS>
	</Connections>
</TrackingData>